,Equity,Source,Date/Time,Headline,neg,neu,pos,compound
0,BHP,SA,2020-07-22 10:05:00,BHP Group downgraded to hold from add at Morgans,0.0,1.0,0.0,0.0
1,BHP,FCSTEV,2020-07-21 15:05:00,BHP Group Ltd.(BHP-AU) Schedules Q4 2020 Sales and Revenue Release - Operational Update for 21-July-2020 1:05 AM ET,0.0,1.0,0.0,0.0
2,BHP,SA,2020-07-21 08:49:00,"BHP Group provides FY21 production guidance (A$38.38, 0.00)",0.0,1.0,0.0,0.0
3,BHP,SA,2020-07-21 08:41:00,"CORRECTION: BHP Group reports Q4 production (A$38.38, 0.00)",0.0,1.0,0.0,0.0
4,BHP,SA,2020-07-21 08:37:00,"StreetAccount Metrics Recap - BHP Billiton Q4 Production (A$38.38, 0.00)",0.0,1.0,0.0,0.0
5,BHP,SA,2020-07-21 08:31:00,"BHP Group Q4 production; Petroleum production 26.3MMboe vs consensus 27.5MMboe (A$38.38, 0.00)",0.0,1.0,0.0,0.0
6,BHP,SA,2020-07-21 01:08:00,StreetAccount M&A Summary: Week of 13-Jul,0.0,1.0,0.0,0.0
7,BHP,SA,2020-07-16 20:52:00,"BHP Group turns down initial offers for its Australian thermal coal business - Bloomberg (1749.0000p, -11.4)",0.0,1.0,0.0,0.0
8,BHP,SA,2020-07-16 08:46:00,"Woodside Petroleum delays Scarbourough and Browse projects further - Sydney Morning Herald (A$20.96, 0.00)",0.0,1.0,0.0,0.0
9,BHP,SA,2020-07-15 15:43:00,"JPMorgan downgrades FXPO.LN; revises target on AAL.LN, AGL.SJ, AMS.SJ, others",0.0,1.0,0.0,0.0
10,BHP,SA,2020-07-15 08:05:00,Chinese power generators paying up for local coal - Australian Financial Review,0.0,1.0,0.0,0.0
11,BHP,SA,2020-07-14 10:35:00,"BHP Group downgraded to hold from buy at SBG Securities (A$36.6700, +0.48)",0.0,0.833,0.167,0.296
12,BHP,SA,2020-07-08 16:24:00,"BHP Group considering options for its 50% stake in Gippsland Basin JV - The Australian (A$35.73, 0.00)",0.0,1.0,0.0,0.0
13,BHP,SA,2020-07-06 15:04:00,"BHP Group downgraded to neutral from outperform at Credit Suisse (1636.4000p, 0)",0.0,0.809,0.191,0.3818
14,BHP,SA,2020-07-03 09:35:00,"Speculation BHP Group survey of Bass Strait assets may foreshadow sale - The Australian (A$36.01, 0.00)",0.0,0.892,0.108,0.1779
15,BHP,SA,2020-07-02 04:12:00,Follow-up: Deutsche Bank upgrades RIO.LN; downgrades BHP.LN,0.0,1.0,0.0,0.0
16,BHP,SA,2020-07-02 02:50:00,"Deutsche Bank upgrades RIO; downgrades BHP, we're told",0.0,1.0,0.0,0.0
17,BHP,TWTR,2020-07-01 23:03:00,Twitter - @SeekingAlpha: $BHP - More Warning Signs For BHP Even Though Short-Term Prospects Look Good. https://t.co/6F9zCpqR9M #economy #stockmarket #trading,0.118,0.658,0.224,0.3415
18,BHP,FCSTEV,2020-06-30 06:46:00,BHP Group Ltd.(BHP-AU) Schedules Q1 2021 Sales and Revenue Release for 20-October-2020 2:30 AM ET,0.0,1.0,0.0,0.0
19,BHP,SA,2020-06-30 01:00:00,StreetAccount M&A Summary: Week of 22-Jun,0.0,1.0,0.0,0.0
20,BHP,SA,2020-06-25 07:27:00,"Peabody Energy well into first round of sales process for north Goonyella underground coal mine in Queensland - The Australian ($3.10, 0.00)",0.0,0.819,0.181,0.4939
21,BHP,SA,2020-06-23 22:27:00,"BHP Group hires JP Morgan to sell Australian thermal coal mine - Reuters citing sources (1656.4000p, +27.4)",0.0,0.856,0.144,0.368
22,BHP,SA,2020-06-23 13:44:00,"Woodside Petroleum CEO confirms interest in Chevron's North West Shelf stake - Bloomberg (A$22.06, -0.01)",0.0,0.812,0.188,0.4588
23,BHP,SA,2020-06-19 14:18:00,"Woodside Petroleum to consider matching a third party bid to acquire Chevron's stake in North West Shelf venture - Australian Financial Review (A$21.93, +0.18)",0.0,0.886,0.114,0.4019
24,BHP,SA,2020-06-19 11:07:00,"Norilsk Nickel to sell its Honeymoon Well Nickel Project to BHP for an undisclosed amount (RUB 18926.00, 0.00)",0.0,0.89,0.11,0.2732
25,BHP,SA,2020-06-18 16:25:00,"Chevron to sell 16.6% stake in North West Shelf LNG plant in Western Australia - The Australian ($91.56, 0.00)",0.0,1.0,0.0,0.0
26,BHP,SA,2020-06-18 14:29:00,"RBC Capital Markets upgrades AAL.LN; revises target on ANTO.LN, BHP.LN, BOL.SS, others",0.0,1.0,0.0,0.0
27,BHP,SA,2020-06-17 08:29:00,"BHP Group CFO Peter Beaven to step down effective 30-Nov; David Lamont appointed replacement effective 1-Dec (A$36.28, 0.00)",0.0,0.721,0.279,0.7351
28,BHP,SA,2020-05-29 20:14:00,"BofA upgrades BHP.LN, RIO.LN (earlier, timing uncertain)",0.0,1.0,0.0,0.0
29,BHP,SA,2020-05-21 11:44:00,China to streamline inspection and supervision of imported iron ore (03:16 ET),0.0,1.0,0.0,0.0
30,BHP,TWTR,2020-05-21 00:16:00,Twitter - @SeekingAlpha: $BHP - BHP- A Company That Could Soar. https://t.co/xuFlif6HXX #economy #stockmarket #finance,0.0,1.0,0.0,0.0
31,BHP,SA,2020-05-13 16:28:00,BHP Group upgraded to buy from neutral at UBS,0.0,1.0,0.0,0.0
32,BHP,SA,2020-05-13 09:52:00,Rio Tinto CEO says that he sees more potential acquisition opportunities in the current environment - Sydney Morning Herald,0.0,0.856,0.144,0.4336
33,BHP,FCSTEV,2020-05-12 05:30:00,BHP Group Ltd.(BHP-AU) Schedules Bank of America Merrill Lynch Virtual Global Metals and Mining Conference for 12-May-2020 8:00 AM ET,0.0,1.0,0.0,0.0
34,BHP,SA,2020-04-28 09:24:00,BHP Group seeks to increase WA iron ore export capacity by 40 tonnes per year - The Australian,0.0,0.874,0.126,0.3182
35,BHP,SA,2020-04-23 01:59:00,"Societe Generale upgrades AAL.LN, BHP.LN",0.0,1.0,0.0,0.0
36,BHP,FCSTEV,2020-04-22 02:50:00,BHP Group Ltd.(BHP-AU) Schedules Q3 2020 Sales and Revenue Release for 21-April-2020 1:05 AM ET,0.0,1.0,0.0,0.0
37,BHP,FCSTEV,2020-04-22 02:44:00,BHP Group Ltd.(BHP-AU) Schedules Q4 2020 Earnings Release for 18-August-2020 2:30 AM ET,0.0,1.0,0.0,0.0
38,BHP,FCSTEV,2020-04-21 19:40:00,BHP Group Ltd.(BHP-AU) Schedules June 2020 Sales and Revenue Release - Operational Results for 20-July-2020 6:26 PM ET,0.0,1.0,0.0,0.0
39,BHP,SA,2020-04-21 08:39:00,"BHP Group reports production guidance for FY20 petroleum, iron ore and metallurgical coal unchanged",0.0,1.0,0.0,0.0
40,BHP,SA,2020-04-21 08:33:00,StreetAccount Metrics Recap - BHP Billiton Q3 Production,0.0,1.0,0.0,0.0
41,BHP,SA,2020-04-21 08:28:00,BHP Group Q3 production; Petroleum production 25.0MMboe vs year-ago 28.7MMboe,0.0,1.0,0.0,0.0
42,BHP,FCSTEV,2020-04-21 08:23:00,BHP Group Ltd.(BHP-AU) Schedules March 2020 Sales and Revenue Release - Operational Results for 20-April-2020 6:23 PM ET,0.0,1.0,0.0,0.0
43,BHP,SA,2020-04-16 15:19:00,"Barclays downgrades PDL.LN; revises target on AAL.LN, ANTO.LN, BHP.LN, others",0.0,1.0,0.0,0.0
44,BHP,SA,2020-04-16 08:02:00,BHP Group to face water use lawsuit brought by Chilean government - Reuters,0.147,0.853,0.0,-0.2263
45,BHP,SA,2020-04-09 09:45:00,BHP Group upgraded to buy from neutral at Clarksons Platou,0.0,1.0,0.0,0.0
46,BHP,SA,2020-04-07 15:15:00,BHP Group upgraded to outperform from neutral at Credit Suisse,0.0,0.776,0.224,0.3818
47,BHP,SA,2020-04-06 15:53:00,"RBC Capital Markets downgrades AAL.LN, ANTO.LN, CAML.LN; revises target on APF.LN, BHP.LN, BOL.SS, others",0.0,1.0,0.0,0.0
48,BHP,SA,2020-04-06 15:07:00,BHP Group upgraded to buy from neutral at Goldman Sachs,0.0,1.0,0.0,0.0
49,BHP,SA,2020-04-03 19:00:00,ACCC allows oil companies to cooperate to secure fuel supply during coronavirus pandemic,0.0,0.833,0.167,0.34
50,BHP,SA,2020-03-31 07:53:00,Speculation First Quantum Minerals could be back on radar as takeover target - The Australian,0.0,1.0,0.0,0.0
51,BHP,SA,2020-03-30 14:11:00,WA warns that existing exemption on quarantine for interstate FIFO workers will be withdrawn - Australian Financial Review,0.08,0.92,0.0,-0.1027
52,BHP,SA,2020-03-23 11:18:00,"Deutsche Bank upgrades BHP.LN, BOL.SS",0.0,1.0,0.0,0.0
53,BHP,SA,2020-03-20 19:03:00,"Deutsche Bank upgrades BHP.LN, BOL.SS; downgrades KAZ.LN",0.0,1.0,0.0,0.0
54,BHP,SA,2020-03-20 18:28:00,"Liberum Capital upgrades AAL.LN, BHP.LN, FXPO.LN, RIO.LN",0.0,1.0,0.0,0.0
55,BHP,SA,2020-03-20 17:13:00,"JPMorgan upgrades BHP.LN; revises target on AAL.LN, GLEN.LN, RIO.LN",0.0,1.0,0.0,0.0
56,BHP,SA,2020-03-20 09:24:00,BHP Group notes operations continue; no material impact on operations or supply chain as of now (19-Mar: 17:43 Sydney time/06:43 London time),0.095,0.905,0.0,-0.296
57,BHP,SA,2020-03-20 04:27:00,"BHP Group upgraded to buy from hold at Deutsche Bank, we're told",0.0,1.0,0.0,0.0
58,BHP,SA,2020-03-17 05:40:00,BHP Group upgraded to buy from neutral at Citi,0.0,1.0,0.0,0.0
59,BHP,SA,2020-03-16 19:17:00,BHP Group upgraded to overweight from equal-weight at Morgan Stanley,0.217,0.783,0.0,-0.3612
60,BHP,SA,2020-03-11 16:23:00,High Court rules against BHP in tax bill case with ATO -- Australian Financial Review (13:15 AEDT),0.0,1.0,0.0,0.0
61,BHP,SA,2020-03-10 16:47:00,BHP Group chairman says that company could look at potential M&A with 'value created at bottom of cycle' - The Australian,0.0,0.804,0.196,0.5267
62,BHP,SA,2020-03-10 07:59:00,Exxon Mobil plans to enter negotiations with prospective buyers of its Bass Strait assets this year - Sydney Morning Herald (9-Mar 09:15 ET),0.0,0.925,0.075,0.1779
63,BHP,SA,2020-03-06 08:51:00,BHP Group upgraded to add from hold at Morgans,0.0,1.0,0.0,0.0
64,BHP,SA,2020-03-05 16:57:00,JPMorgan upgrades BHP.LN; reinstates AAL.LN,0.0,1.0,0.0,0.0
65,BHP,SA,2020-03-04 05:03:00,BHP Group upgraded to overweight at JPMorgan,0.294,0.706,0.0,-0.3612
66,BHP,SA,2020-03-03 23:45:00,BHP Group downgraded to hold from buy at Argus Research,0.0,1.0,0.0,0.0
67,BHP,SA,2020-02-21 02:44:00,Sirius more attractive than BHP's Jansen -- Anglo CEO tells FT,0.0,0.758,0.242,0.4927
68,BHP,TWTR,2020-02-18 23:15:00,"Twitter - @BDliveSA: BHP needs to go green, but its a gargantuan task https://t.co/phbxzyFTXH",0.0,1.0,0.0,0.0
69,BHP,FCSTEV,2020-02-18 15:06:00,BHP Group Ltd.(BHP-AU) Schedules Q2 2020 Earnings Call - Pre-Recorded for 17-February-2020 12:00 AM ET,0.0,1.0,0.0,0.0
70,BHP,TWTR,2020-02-18 13:37:00,"Twitter - @BangkokPostNews: SYDNEY: BHP, the world's biggest miner, warned Tuesday that demand for resources could be hit by the novel coronavi... https://t.co/2eFpOLAqxr",0.145,0.763,0.092,-0.0772
71,BHP,SA,2020-02-18 08:46:00,StreetAccount Metrics Recap - BHP Group FY Earnings,0.0,1.0,0.0,0.0
72,BHP,SA,2020-02-18 08:41:00,Follow up: BHP Group reports H1 Underlying EPS $1.03 vs FactSet $1.06,0.0,1.0,0.0,0.0
73,BHP,SA,2020-02-18 08:32:00,BHP Group reports H1 Underlying EPS $1.03 vs FactSet $1.06,0.0,1.0,0.0,0.0
74,BHP,SA,2020-02-17 20:28:00,StreetAccount Consensus Metrics Preview - BHP Group H1 Earnings,0.0,1.0,0.0,0.0
75,BHP,SA,2020-02-11 17:32:00,"RBC Capital Markets downgrades ANTO.LN, RIO.AU, RIO.LN; revises target on AAL.LN, BHP.LN, BOL.SS, others",0.0,1.0,0.0,0.0
76,BHP,SA,2020-02-07 08:56:00,"Peabody Energy launches sale process for North Goonyella mine, BHP a logical buyer -- Australian Financial Review",0.0,0.877,0.123,0.2732
77,BHP,FCSTEV,2020-02-05 03:24:00,BHP Group Ltd.(BHP-AU) Schedules Q2 2020 Earnings Call - First Call for 17-February-2020 6:00 PM ET,0.0,1.0,0.0,0.0
78,BHP,FCSTEV,2020-02-04 14:18:00,BHP Group Ltd.(BHP-AU) Schedules Q2 2020 Earnings Call - Second Call for 18-February-2020 4:30 AM ET,0.0,1.0,0.0,0.0
79,BHP,SA,2020-01-31 07:40:00,Exxon Mobil expected to delay sales process for Bass Strait assets until middle of the year - The Australian,0.115,0.8,0.085,-0.1531
80,CSL,TWTR,2020-07-28 14:39:00,Twitter - @SCMPNews: CSL: 'Brazilian Wu Lei' and Oscar helps Shanghai SIPG to winning start https://t.co/WxZp1kZG3j,0.0,0.684,0.316,0.7184
81,CSL,TWTR,2020-07-24 22:32:00,Twitter - @SCMPNews: Hong Kong's Tan Chun-lok set for bright future in CSL after high praise from coach Giovanni van Bronckhorst https://t.co/ZNKpqOotm8,0.0,0.745,0.255,0.7579
82,CSL,SA,2020-07-06 23:06:00,"CSL Behring begins trial to evaluate CSL312 for respiratory distress (A$290.81, 0.00)",0.236,0.764,0.0,-0.5267
83,CSL,SA,2020-07-01 17:32:00,"Block trade of 629K CSL shares crossed the market through UBS at A$284.40/share - Australian Financial Review (A$284.40, 0.00)",0.137,0.758,0.104,-0.1779
84,CSL,SA,2020-06-26 06:15:00,"Street Takeaways - uniQure NV announces license agreement for etranacogene dezaparvovec ($62.91, 0.00)",0.0,0.775,0.225,0.4939
85,CSL,SA,2020-06-17 21:07:00,"Lassen Therapeutics LLC launches to discover and develop novel antibody therapeutics including lead program targeting IL-11 to treat fibrosis and oncology (A$287.16, 0.00)",0.0,0.808,0.192,0.6124
86,CSL,SA,2020-06-17 08:29:00,"BHP Group CFO Peter Beaven to step down effective 30-Nov; David Lamont appointed replacement effective 1-Dec (A$36.28, 0.00)",0.0,0.721,0.279,0.7351
87,CSL,SA,2020-06-17 08:05:00,"CSL CFO David Lamont to resign effective 30-Oct (A$284.01, 0.00)",0.178,0.593,0.23,0.1779
88,CSL,SA,2020-06-09 08:35:00,"Follow up: CSL Behring to acquire Vitaeris; price not disclosed (A$285.33, 0.00)",0.0,1.0,0.0,0.0
89,CSL,SA,2020-06-09 06:01:00,"CSL Behring to acquire Vitaeris; price not disclosed (A$285.33, 0.00)",0.0,1.0,0.0,0.0
90,CSL,SA,2020-06-08 16:05:00,"Phase 2 trial of CSL Behring's garadacimab meets primary endpoint (A$285.33, 0.00)",0.0,1.0,0.0,0.0
91,CSL,SA,2020-06-05 11:42:00,"CSL, UQ and CEPI partner to advance development and manufacture of COVID-19 vaccine candidate (A$284.32, -9.91)",0.0,1.0,0.0,0.0
92,CSL,SA,2020-06-03 00:09:00,"CSL announces a strategic alliance with Seattle Children's Research Institute to advance Gene Therapy Treatments for Primary Immunodeficiency Diseases (A$284.73, 0.00)",0.0,1.0,0.0,0.0
93,CSL,TWTR,2020-06-02 01:38:00,Twitter - @SCMPNews: Manchester United extend Odion Ighalo loan deal with CSL's Shanghai Shenhua https://t.co/GqgvBT8woS,0.0,0.727,0.273,0.5423
94,CSL,FCSTEV,2020-05-29 10:00:00,CSL Ltd.(CSL-AU) Schedules Australian Shareholders Association Webinar for 29-May-2020,0.0,1.0,0.0,0.0
95,CSL,SA,2020-05-28 09:38:00,"CSL upgraded to buy from neutral at Citi (A$288.00, 0.00)",0.0,1.0,0.0,0.0
96,CSL,TWTR,2020-05-20 17:02:00,Twitter - @BangkokPostNews: SHANGHAI - The Chinese Super League (CSL) will be stripped of exuberant goal celebrations -- and fans -- as it atte... https://t.co/LSc6ChQ3km,0.0,0.732,0.268,0.8271
97,CSL,SA,2020-05-06 11:56:00,CSL commence development of COVID-19 fighting immunoglobulin product - Australian Financial Review (pre-ASX open),0.172,0.828,0.0,-0.3612
98,CSL,SA,2020-05-02 00:05:00,FDA grants orphan drug designation to CSL Behring for garadacimab to treat bradykinin-mediated angioedema,0.0,0.723,0.277,0.5574
99,CSL,SA,2020-04-21 22:04:00,CSL announces clinical study examining Hizentra in patients with primary immunodeficiency met its primary endpoint,0.0,1.0,0.0,0.0
100,CSL,TWTR,2020-04-20 13:42:00,Twitter - @ChannelNewsAsia: CSL season may get underway in June/July: Guangzhou CEO https://t.co/qtIzzCGozm https://t.co/nEKecYRYoR,0.0,1.0,0.0,0.0
101,CSL,SA,2020-04-14 09:40:00,CSL downgraded to neutral from buy at Citi,0.0,1.0,0.0,0.0
102,CSL,SA,2020-04-09 21:44:00,"CSL downgraded to hold from buy at Jefferies (9-Apr, timing uncertain)",0.0,1.0,0.0,0.0
103,CSL,SA,2020-04-09 08:09:00,"CSL provides COVID-19 update, reaffirms FY profit guidance of $2.11-2.17B",0.0,0.756,0.244,0.4404
104,CSL,SA,2020-04-08 23:20:00,CSL and SAB Biotherapeutics join forces to deliver new potential COVID-19 therapeutic,0.0,0.833,0.167,0.296
105,CSL,FCSTEV,2020-04-08 20:02:00,CSL Ltd.(CSL-AU) Schedules Business Update Call for 8-April-2020 7:00 PM ET,0.0,1.0,0.0,0.0
106,CSL,SA,2020-04-08 16:35:00,CSL will hold company update on COVID-19 on 9-Apr at 09:00 AEST (18:00 ET),0.0,1.0,0.0,0.0
107,CSL,SA,2020-04-03 18:54:00,ACCC grants interim authorisation to medicine manufacturers to coordinate on coronavirus response,0.0,0.853,0.147,0.2263
108,CSL,SA,2020-03-13 22:47:00,"Jefferies upgrades CSL.AU, SHL.AU",0.0,1.0,0.0,0.0
109,CSL,SA,2020-03-13 09:42:00,CSL upgraded to buy from neutral at Citi,0.0,1.0,0.0,0.0
110,CSL,SA,2020-03-06 05:25:00,US court denies CSL's motions for summary judgment of invalidity on Bioverativ's asserted claims in Idelvion patent ligiation -- filing,0.128,0.872,0.0,-0.4215
111,CSL,SA,2020-03-04 05:30:00,Court denies Bioverativ's motion for summary judgment in US patent litigation with CSL over Idelvion -- court filing,0.223,0.777,0.0,-0.5574
112,CSL,SA,2020-02-25 00:32:00,"CSL's Seqirus receives FDA approval for FLUAD QUADRIVALENT (Influenza Vaccine, Adjuvanted) for adults 65 years and older",0.0,0.838,0.162,0.4767
113,CSL,SA,2020-02-19 09:40:00,"Morgan Stanley upgrades COH.AU; downgrades CSL.AU, RMD",0.0,1.0,0.0,0.0
114,CSL,SA,2020-02-13 08:55:00,CSL downgraded to neutral from outperform at Macquarie,0.0,1.0,0.0,0.0
115,CSL,SA,2020-02-12 09:15:00,"FDA has grants CSL's Privigen (Immune Globulin Intravenous (Human),10% Liquid) orphan-drug designation as an investigational therapy in the treatment of Systemic Sclerosis",0.0,0.917,0.083,0.2263
116,CSL,SA,2020-02-12 08:42:00,StreetAccount Metrics Recap - CSL H1 earnings,0.0,1.0,0.0,0.0
117,CSL,SA,2020-02-12 08:21:00,CSL reports H1 NPAT $1.25B vs FactSet $1.24B,0.0,1.0,0.0,0.0
118,CSL,SA,2020-02-04 00:32:00,"FDA approves AUDENZ, a adjuvanted, cell-based influenza vaccine designed to protect against influenza A (H5N1) in the event of a pandemic",0.0,0.751,0.249,0.6486
119,RIO,SA,2020-07-29 02:49:00,"Rio Tinto in talks with SFO to avoid being charged in Guinea bribery probe -- FT, citing sources (4765.0000p, 0)",0.182,0.818,0.0,-0.4588
120,RIO,FCSTEV,2020-07-28 13:18:00,Rio Tinto Ltd.(RIO-AU) Schedules Q2 2020 Earnings Call for 29-July-2020 4:30 AM ET,0.0,1.0,0.0,0.0
121,RIO,SA,2020-07-23 01:08:00,"Rio Tinto files complaint with Icelandic Competition Authority over ISAL smelter power agreement (4809.0000p, -36)",0.118,0.642,0.241,0.3182
122,RIO,SA,2020-07-17 08:29:00,"StreetAccount Metrics Recap - Rio Tinto Q2 Production (A$103.51, 0.00)",0.0,1.0,0.0,0.0
123,RIO,SA,2020-07-15 15:43:00,"JPMorgan downgrades FXPO.LN; revises target on AAL.LN, AGL.SJ, AMS.SJ, others",0.0,1.0,0.0,0.0
124,RIO,SA,2020-07-15 08:05:00,Chinese power generators paying up for local coal - Australian Financial Review,0.0,1.0,0.0,0.0
125,RIO,SA,2020-07-08 14:26:00,"RBC Capital Markets upgrades RIO.AU, RIO.LN",0.0,1.0,0.0,0.0
126,RIO,SA,2020-07-08 02:19:00,"Rio Tinto downgraded to neutral from buy at Goldman Sachs ($56.79, -0.16)",0.0,1.0,0.0,0.0
127,RIO,SA,2020-07-02 04:12:00,Follow-up: Deutsche Bank upgrades RIO.LN; downgrades BHP.LN,0.0,1.0,0.0,0.0
128,RIO,SA,2020-07-02 02:50:00,"Deutsche Bank upgrades RIO; downgrades BHP, we're told",0.0,1.0,0.0,0.0
129,RIO,SA,2020-07-01 16:03:00,"Rio Tinto appoints Peter Toth to the new role of Group executive, Strategy and Development (4549.0000p, 0)",0.0,1.0,0.0,0.0
130,RIO,SA,2020-06-23 14:44:00,US may re-impose tariffs on aluminum imports from Canada b y the end of the week - Bloomberg,0.0,1.0,0.0,0.0
131,RIO,SA,2020-06-18 14:29:00,"RBC Capital Markets upgrades AAL.LN; revises target on ANTO.LN, BHP.LN, BOL.SS, others",0.0,1.0,0.0,0.0
132,RIO,SA,2020-06-05 19:11:00,"Insider transaction: Energy Resources of Australia CEO/MD Paul Arnold discloses sale of 1,200 Rio Tinto shares -- Appendix 3Y (A$0.16, 0.00)",0.0,0.815,0.185,0.5106
133,RIO,SA,2020-06-01 13:24:00,Rio Tinto apologises to traditional owners after destroying significant Indigenous site - The Guardian,0.209,0.581,0.209,-0.25
134,RIO,SA,2020-05-29 20:14:00,"BofA upgrades BHP.LN, RIO.LN (earlier, timing uncertain)",0.0,1.0,0.0,0.0
135,RIO,SA,2020-05-21 11:44:00,China to streamline inspection and supervision of imported iron ore (03:16 ET),0.0,1.0,0.0,0.0
136,RIO,SA,2020-05-19 12:24:00,"Chengdu Tianqi Industry Group to sell up to 6% stake in Tianqi Lithium (CNY 17.72, +0.44)",0.0,1.0,0.0,0.0
137,RIO,SA,2020-05-18 16:30:00,Mongolian government planning to build state-owned coal-fired power station to provide power to Oyu Tolgoi mine - Australian Financial Review,0.0,1.0,0.0,0.0
138,RIO,SA,2020-05-13 09:52:00,Rio Tinto CEO says that he sees more potential acquisition opportunities in the current environment - Sydney Morning Herald,0.0,0.856,0.144,0.4336
139,RIO,FCSTEV,2020-05-12 10:00:00,Rio Tinto Ltd.(RIO-AU) Schedules Bank of America Metals & Mining Conference for 12-May-2020,0.0,1.0,0.0,0.0
140,RIO,SA,2020-05-11 15:30:00,Rio Tinto said to be interested in stake in the Greenbushes lithium mine - The Australian,0.0,0.838,0.162,0.4019
141,RIO,FCSTEV,2020-04-21 23:44:00,Rio Tinto Ltd.(RIO-AU) Schedules Analyst Meeting - Climate and Water - Pre-recorded for 20-April-2020 9:00 AM ET,0.0,1.0,0.0,0.0
142,RIO,FCSTEV,2020-04-21 23:44:00,Rio Tinto Ltd.(RIO-AU) Schedules Analyst Meeting - Climate and Water - Q&A for 21-April-2020 4:00 AM ET,0.0,1.0,0.0,0.0
143,RIO,SA,2020-04-17 08:43:00,Follow-upx2: Rio Tinto guides 2020 capex $5-6B vs prior $7B,0.0,1.0,0.0,0.0
144,RIO,SA,2020-04-17 08:39:00,Follow-up: Rio Tinto FY iron ore shipments guidance (100% basis) unchanged at 324-334 Mt,0.0,1.0,0.0,0.0
145,RIO,SA,2020-04-08 09:44:00,Rio Tinto assumed underperform at Credit Suisse,0.0,0.698,0.302,0.3818
146,RIO,SA,2020-04-06 15:53:00,"RBC Capital Markets downgrades AAL.LN, ANTO.LN, CAML.LN; revises target on APF.LN, BHP.LN, BOL.SS, others",0.0,1.0,0.0,0.0
147,RIO,SA,2020-04-01 22:39:00,"BMO Capital Markets upgrades RIO.LN, VALE; downgrades AAL.LN, ANTO.LN (pre-EU open)",0.0,1.0,0.0,0.0
148,RIO,SA,2020-04-01 18:05:00,Other notable research calls,0.0,1.0,0.0,0.0
149,RIO,SA,2020-03-31 07:53:00,Speculation First Quantum Minerals could be back on radar as takeover target - The Australian,0.0,1.0,0.0,0.0
150,RIO,SA,2020-03-26 09:39:00,Rio Tinto upgraded to outperform from neutral at Exane BNP Paribas,0.0,1.0,0.0,0.0
151,RIO,SA,2020-03-24 09:16:00,Rio Tinto provides COVID-19 business update; will slow down some of its operations and is too early to speculate on 2020 production guidance,0.0,1.0,0.0,0.0
152,RIO,SA,2020-03-23 20:00:00,Turquoise Hill needs at least $4.5B to complete expansion of Oyu Tolgoi - Australian Financial Review,0.0,1.0,0.0,0.0
153,RIO,SA,2020-03-20 18:28:00,"Liberum Capital upgrades AAL.LN, BHP.LN, FXPO.LN, RIO.LN",0.0,1.0,0.0,0.0
154,RIO,SA,2020-03-20 17:13:00,"JPMorgan upgrades BHP.LN; revises target on AAL.LN, GLEN.LN, RIO.LN",0.0,1.0,0.0,0.0
155,RIO,TWTR,2020-03-13 07:44:00,Twitter - @Fin24: https://t.co/9Lxca48Uyi | Rio Tinto to pay ex-CEO R71m in bonuses amid ongoing investigations https://t.co/kpLjvgAEDs,0.078,0.722,0.2,0.4939
156,RIO,TWTR,2020-03-12 14:07:00,Twitter - @ChannelNewsAsia: Rio Tinto to pay ex-CEO's deferred bonus with interest https://t.co/6orf1xOktM https://t.co/ekXac0J4kq,0.078,0.559,0.363,0.7269
157,RIO,SA,2020-03-06 08:50:00,Rio Tinto upgraded to add from hold at Morgans,0.0,1.0,0.0,0.0
158,RIO,SA,2020-03-05 15:42:00,China's SASAC near approving development of Simandou iron-ore mine - Bloomberg,0.0,1.0,0.0,0.0
159,RIO,SA,2020-03-04 09:32:00,Rio Tinto upgraded to buy from hold at Societe Generale,0.0,1.0,0.0,0.0
160,RIO,FCSTEV,2020-03-04 06:10:00,Rio Tinto Ltd.(RIO-AU) Schedules Q2 2020 Sales and Revenue Release - Operational Review for 16-July-2020 6:30 PM ET,0.0,1.0,0.0,0.0
161,RIO,FCSTEV,2020-03-04 06:10:00,Rio Tinto Ltd.(RIO-AU) Schedules Q3 2020 Sales and Revenue Release - Operational Review for 15-October-2020 5:30 PM ET,0.0,1.0,0.0,0.0
162,RIO,FCSTEV,2020-03-04 06:04:00,Rio Tinto Ltd.(RIO-AU) Schedules Q1 2020 Sales and Revenue Release - Production Results for 17-April-2020 2:00 AM ET,0.0,1.0,0.0,0.0
163,RIO,TWTR,2020-02-27 14:36:00,"Twitter - @XHNews: Support for China's fight against the #coronavirus.
Chief executive of @RioTinto, a mining and metals company enjoy... https://t.co/Is9zyk1WQr",0.117,0.762,0.121,0.0258
164,RIO,TWTR,2020-02-27 06:29:00,Twitter - @BusinessLiveSA: Rio Tinto says it will be carbon-neutral by 2050 https://t.co/LIt9d8OnGP,0.0,1.0,0.0,0.0
165,RIO,FCSTEV,2020-02-25 11:14:00,Rio Tinto Ltd.(RIO-AU) Schedules Q4 2019 Earnings Call for 26-February-2020 3:30 AM ET,0.0,1.0,0.0,0.0
166,RIO,SA,2020-02-18 09:00:00,Rio Tinto makes progress on Oyu Tolgoi power options,0.0,0.741,0.259,0.4215
167,RIO,SA,2020-02-13 08:31:00,New Zealand government minister threatens legal action against Rio Tinto over hazardous waste at Tiwai Point aluminum smelter - NZ Herald,0.226,0.711,0.063,-0.5994
168,RIO,SA,2020-02-11 17:32:00,"RBC Capital Markets downgrades ANTO.LN, RIO.AU, RIO.LN; revises target on AAL.LN, BHP.LN, BOL.SS, others",0.0,1.0,0.0,0.0
169,RIO,TWTR,2020-02-04 20:19:00,"Twitter - @Fin24: https://t.co/9Lxca48Uyi | Mining's investment pool is shrinking, Rio says https://t.co/o1zWsI2iMi",0.0,1.0,0.0,0.0
170,CBA,SA,2020-07-30 08:47:00,"CBA provide update remediation provision; to recognize additional pre-tax customer remediation provisions of A$300M in Aligned Advice businesses (A$73.01, 0.00)",0.0,1.0,0.0,0.0
171,CBA,TWTR,2020-07-26 16:54:00,Twitter - @SCMPNews: Jeremy Lin's CBA-best 38 guides Ducks to Beijing derby win over Royal Fighters and 11 straight victories https://t.co/RdaUXUBJqP,0.05,0.711,0.238,0.6705
172,CBA,TWTR,2020-07-23 08:44:00,Twitter - @SCMPNews: Jeremy Lin helps Beijing Ducks seal 10 straight wins and CBA play-off bye https://t.co/7ljAInDUT7,0.0,0.613,0.387,0.802
173,CBA,TWTR,2020-07-20 17:29:00,Twitter - @SCMPNews: Jeremy Lin sits out as Beijing Ducks go nine in a row in CBA play-off hunt https://t.co/U1jfm73NVz,0.0,1.0,0.0,0.0
174,CBA,SA,2020-07-20 09:42:00,"Citi downgrades BEN.AU, CBA.AU",0.0,1.0,0.0,0.0
175,CBA,SA,2020-07-16 15:05:00,"Uncertainty leading customers to hold-off on re-starting payments - Australian Financial Review, citing CBA CEO Comyn (A$72.24, -0.49)",0.13,0.87,0.0,-0.34
176,CBA,TWTR,2020-07-14 13:25:00,Twitter - @SCMPNews: CBA: Jeremy Lin top scores as Beijing Ducks soar to six straight wins https://t.co/tdQtCGvcZp,0.0,0.637,0.363,0.7506
177,CBA,TWTR,2020-07-01 13:59:00,Twitter - @SCMPNews: CBA: Jeremy Lin's 'buzzer beater' steals victory for Beijing Ducks against Zhejiang Golden Bulls https://t.co/BcIfWN2xeL,0.171,0.829,0.0,-0.5106
178,CBA,TWTR,2020-06-29 17:03:00,Twitter - @SCMPNews: CBA: Jeremy Lin and Ekpe Udoh help Beijing Ducks beat Shanghai Sharks https://t.co/hqZeUHNDCx,0.0,0.838,0.162,0.4019
179,CBA,TWTR,2020-06-25 20:43:00,Twitter - @SCMPNews: CBA: Jeremy Lin leads Beijing Ducks to shock win over Xinjiang Flying Tigers https://t.co/N7AW7aluw3,0.127,0.686,0.186,0.296
180,CBA,TWTR,2020-06-24 15:39:00,Twitter - @SCMPNews: CBA: Beijing Ducks lose as Jeremy Lin plays through injury https://t.co/bdFv8pTcT7,0.314,0.571,0.114,-0.5423
181,CBA,SA,2020-06-24 10:46:00,ASIC publishes new regulatory guidance for mortgage brokers,0.0,1.0,0.0,0.0
182,CBA,SA,2020-06-23 08:19:00,"Banks, APRA continue negotiations for lengthening loan deferral period - The Australian",0.0,1.0,0.0,0.0
183,CBA,SA,2020-06-23 01:27:00,StreetAccount M&A Summary: Week of 15-Jun,0.0,1.0,0.0,0.0
184,CBA,SA,2020-06-22 18:55:00,"ASIC launches civil proceeding against CFSIL, CBA (A$69.44, 0.00)",0.0,1.0,0.0,0.0
185,CBA,SA,2020-06-22 15:42:00,QBE thought to be interested om CBA and Westpac general insurance operations - The Australian,0.0,0.828,0.172,0.4019
186,CBA,SA,2020-06-22 09:16:00,"Morgans upgrades ANZ.AU; revises target on CBA.AU, NAB.AU, WBC.AU",0.0,1.0,0.0,0.0
187,CBA,TWTR,2020-06-21 20:59:00,Twitter - @SCMPNews: Jeremy Lin's Beijing Ducks win on CBA's Covid-19 return https://t.co/lzZfonF94W,0.0,0.743,0.257,0.5859
188,CBA,SA,2020-06-18 14:59:00,"CBA preparing to put general insurance division up for sale - Australian Financial Review (A$69.08, -0.51)",0.0,1.0,0.0,0.0
189,CBA,SA,2020-06-10 14:22:00,"CBA acknowledges class action proceeding filed by Slater and Gordon (A$71.99, -0.21)",0.0,1.0,0.0,0.0
190,CBA,SA,2020-06-05 15:26:00,"Federal Court orders CBA to pay A$5M penalty over the AgriAdvantage Plus Package (A$68.85, +1.19)",0.253,0.747,0.0,-0.5267
191,CBA,SA,2020-05-19 00:58:00,StreetAccount M&A Summary: Week of 11-May,0.0,1.0,0.0,0.0
192,CBA,SA,2020-05-13 12:24:00,Speculation that Blackstone could look at wealth management arms of NAB and Westpac after narrowly missing out on CBA's - The Australian,0.09,0.779,0.131,0.25
193,CBA,FCSTEV,2020-05-13 10:00:00,Commonwealth Bank of Australia(CBA-AU) Schedules March 2020 Sales and Revenue Call - Trading Update for 13-May-2020,0.0,1.0,0.0,0.0
194,CBA,SA,2020-05-13 09:01:00,CBA to sell 55% stake in Colonial First State to KKR for approximately A$1.7B,0.0,1.0,0.0,0.0
195,CBA,SA,2020-05-13 08:49:00,CBA reports Q3 unaudited cash net profit from continuing operations of A$1.3B,0.0,0.791,0.209,0.4404
196,CBA,FCSTEV,2020-05-13 08:44:00,Commonwealth Bank of Australia(CBA-AU) Schedules March 2020 Sales and Revenue Release - Trading Update for 12-May-2020 6:44 PM ET,0.0,1.0,0.0,0.0
197,CBA,SA,2020-05-13 08:28:00,KKR set to acquire majority stake in CBA wealth management subsidiary Colonial First State for A$3.1B - Australian Financial Review,0.0,0.849,0.151,0.4939
198,CBA,SA,2020-05-11 18:21:00,CBA receives final regulatory approval for divestment of its 80% stake in PTCL to PT FWD Life Indonesia,0.0,0.846,0.154,0.4767
199,CBA,SA,2020-05-08 10:41:00,Banks in talks with regulators in regards to loan deferral timeline - Australian Financial Review,0.0,1.0,0.0,0.0
200,CBA,SA,2020-05-08 08:02:00,"Australian consumers and business owners have sought between A$150-160B in loan deferrals - Australian Financial Review, citing APRA figures",0.0,1.0,0.0,0.0
201,CBA,SA,2020-05-05 00:59:00,StreetAccount M&A Summary: Week of 27-Apr,0.0,1.0,0.0,0.0
202,CBA,SA,2020-04-29 07:10:00,ANZ and Westpac unlikely to launch imminent capital raisings -- Australian Financial Review,0.0,1.0,0.0,0.0
203,CBA,SA,2020-04-28 17:45:00,CBA sells CommSec's wholesale broking business to Nomura Research Institute; valued at A$50-100M - Australian Financial Review,0.0,0.838,0.162,0.4404
204,CBA,SA,2020-04-28 07:41:00,Speculation Westpac next up for equity raise - The Australian,0.0,1.0,0.0,0.0
205,CBA,SA,2020-04-27 14:08:00,ACCC releases Home Loan Price Inquiry interim report; maintaining profitability important in big banks' interest rate cut decisions,0.091,0.609,0.3,0.5859
206,CBA,SA,2020-04-24 08:12:00,PM Morrison upset with banks over bridge financing delays - The Australian,0.206,0.794,0.0,-0.3818
207,CBA,TWTR,2020-04-13 16:41:00,Twitter - @SCMPNews: Jeremy Lin's life in China: Beijing Ducks star shares video ahead of CBA return https://t.co/8rTi5tCfbG,0.0,0.879,0.121,0.296
208,CBA,SA,2020-04-08 08:04:00,"APRA outlines expectations that ADI's limit discretionary capital distributions, including deferrals or prudent reductions in dividends",0.0,1.0,0.0,0.0
209,CBA,TWTR,2020-04-07 03:25:00,Twitter - @SCMPNews: Coronavirus: Jeremy Lin willing to take CBA wage cut if league does not resume - report https://t.co/bRPUECvRNT,0.11,0.89,0.0,-0.2732
210,CBA,SA,2020-04-06 08:03:00,Australian Banking Association agrees to bridge gap before government pay subsidy goes into effect - The Australian,0.081,0.814,0.105,0.1027
211,CBA,SA,2020-04-03 08:32:00,CBA CEO says that Australian banks are in a strong enough position to continue to pay dividends - The Australian,0.068,0.773,0.159,0.4404
212,CBA,SA,2020-04-01 16:40:00,CBA receives further A$865M payment from sale of life insurance business to AIA,0.0,1.0,0.0,0.0
213,CBA,SA,2020-03-24 09:52:00,"JPMorgan upgrades WBC.AU; revises target on ANZ.AU, CBA.AU, NAB.AU",0.0,1.0,0.0,0.0
214,CBA,SA,2020-03-24 09:12:00,"Citi upgrades ANZ.AU, BEN.AU, BOQ.AU, others; revises target on NAB.AU",0.0,1.0,0.0,0.0
215,CBA,TWTR,2020-03-22 19:15:00,Twitter - @SCMPNews: Jeremy Lin in coronavirus quarantine in China ahead of CBA restart https://t.co/g8ShtvEie5,0.0,1.0,0.0,0.0
216,CBA,SA,2020-03-19 08:52:00,CBA upgraded to hold from reduce at Morgans,0.0,1.0,0.0,0.0
217,CBA,SA,2020-03-19 08:25:00,Australian government considering loan guarantee as part of second-round economic rescue package - The Australian,0.0,0.694,0.306,0.6486
218,CBA,SA,2020-03-17 17:18:00,CBA notes Colonial First State Investments Limited is reviewing ASIC's claim and will response in due course,0.106,0.894,0.0,-0.2263
219,CBA,SA,2020-03-17 16:22:00,ASIC commences proceedings against Colonial First State over dealings with MySuper accounts,0.0,1.0,0.0,0.0
220,CBA,SA,2020-03-16 16:50:00,CBA acknowledges proceedings commenced by ASIC; intends to admit the allegations,0.0,0.847,0.153,0.2023
221,CBA,SA,2020-03-16 16:25:00,ASIC commences proceedings in the Federal Court against CBA for alleged breaches of the ASIC Act and Corporations Act for failures of their AgriAdvantage Plus Package,0.107,0.893,0.0,-0.4588
222,CBA,SA,2020-03-13 05:19:00,"UBS upgrades ANZ.AU, BEN.AU, CBA.AU, NAB.AU",0.0,1.0,0.0,0.0
223,CBA,SA,2020-03-06 09:41:00,Credit Suisse upgrades CBA.AU; downgrades NAB.AU,0.0,0.658,0.342,0.3818
224,CBA,SA,2020-03-06 09:34:00,"Bell Potter downgrades BOQ.AU, NAB.AU; revises target on ANZ.AU, BEN.AU, CBA.AU, others",0.0,1.0,0.0,0.0
225,CBA,SA,2020-03-04 16:27:00,"Street Takeaways - RBA rate cut, banking sector implications",0.231,0.769,0.0,-0.2732
226,CBA,TWTR,2020-03-04 09:14:00,Twitter - @tEconomics: #Australia CommBank Services PMI Final at 49  https://t.co/kMdjhpj1Xj https://t.co/hxf9RRm2gW,0.0,1.0,0.0,0.0
227,CBA,SA,2020-03-04 09:05:00,CBA upgraded to buy from hold at Bell Potter,0.0,1.0,0.0,0.0
228,CBA,SA,2020-02-21 14:07:00,APRA moving towards greater frequency and depth of stress testing for ADIs.,0.183,0.654,0.163,-0.0772
229,CBA,SA,2020-02-13 13:38:00,Street Takeaways - CBA H1 earnings,0.0,1.0,0.0,0.0
230,CBA,SA,2020-02-13 08:28:00,CBA downgraded to reduce from hold at Morgans,0.0,1.0,0.0,0.0
231,CBA,SA,2020-02-12 08:05:00,StreetAccount Metrics Recap - CBA H1 earnings,0.0,1.0,0.0,0.0
232,CBA,SA,2020-02-12 07:47:00,Follow-up: CBA reports H1 cash NPAT A$4.48B vs FactSet A$4.32B -- 2 estimates,0.0,1.0,0.0,0.0
233,CBA,SA,2020-02-12 07:43:00,CBA reports H1 cash NPAT A$4.48B vs FactSet A$4.32B -- 2 estimates,0.0,1.0,0.0,0.0
234,CBA,SA,2020-02-05 09:02:00,RBA may consider mandating least-cost routing as part of payments regulation review- Australian Financial Review,0.0,1.0,0.0,0.0
235,CBA,SA,2020-02-04 09:42:00,Credit Suisse upgrades ANZ.AU; downgrades CBA.AU,0.0,0.658,0.342,0.3818
236,CBA,SA,2020-02-03 13:30:00,CBA CEO open to increasing A$1B annual technology spend - The Australian,0.0,1.0,0.0,0.0
237,CBA,SA,2020-02-03 09:02:00,ASIC deputy chairman expects banks to settle litigation triggered by Hayne royal commission - Sydney Morning Herald,0.107,0.893,0.0,-0.2023
238,CBA,FCSTEV,2020-02-01 05:56:00,Commonwealth Bank of Australia(CBA-AU) Schedules Q2 2020 Earnings Call for 11-February-2020 7:00 PM ET,0.0,1.0,0.0,0.0
239,CBA,SA,2020-01-31 09:08:00,CBA to recognise provision of (A$83M) in H1 for insurance claims from customers affected by the recent bushfires,0.086,0.914,0.0,-0.1531
240,WOW,SA,2020-07-20 09:04:00,Credit Suisse downgrades COL.AU; revises target on WOW.AU,0.0,0.729,0.271,0.3818
241,WOW,SA,2020-07-17 07:22:00,"ACCC to look into Woolworths' plans to build wholesale business- Australian Financial Review (A$38.80, 0.00)",0.0,1.0,0.0,0.0
242,WOW,SA,2020-07-01 10:10:00,"Home Consortium announces multiple acquisitions; launches A$170M secondary offer priced at A$2.88/share (A$3.00, 0.00)",0.0,1.0,0.0,0.0
243,WOW,SA,2020-06-26 07:50:00,"Woolworths Group acquires development site from Kaufland for A$20M - Sydney Morning Herald (A$36.06, 0.00)",0.0,1.0,0.0,0.0
244,WOW,FCSTEV,2020-06-23 10:15:00,Woolworths Group Ltd.(WOW-AU) Schedules Q4 2020 Sales and Revenue Call for 22-June-2020 8:15 PM ET,0.0,1.0,0.0,0.0
245,WOW,SA,2020-06-23 09:10:00,"Woolworths Group provides trading update; guides FY EBIT (post-AASB and ex-items) of A$3.20-3.25B vs year-ago A$3.29B (A$36.66, 0.00)",0.0,1.0,0.0,0.0
246,WOW,FCSTEV,2020-06-23 08:58:00,Woolworths Group Ltd.(WOW-AU) Schedules Q4 2020 Sales and Revenue Release for 22-June-2020 6:58 PM ET,0.0,1.0,0.0,0.0
247,WOW,SA,2020-06-09 07:13:00,David Jones rejects speculation that it is looking to offload food operation - The Australian,0.198,0.802,0.0,-0.4939
248,WOW,TWTR,2020-06-05 04:19:00,Twitter - @BusinessLiveSA: PIC boosting Woolworths stake 'a sign of confidence' https://t.co/gpiutCQUYA,0.0,0.612,0.388,0.6908
249,WOW,SA,2020-05-01 08:03:00,Woolworths Group upgraded to buy from hold at Shaw and Partners,0.0,1.0,0.0,0.0
250,WOW,SA,2020-04-30 08:47:00,Follow-up: Woolworths Group reports Q3 sales A$16.50B vs year-ago A$14.90B,0.0,1.0,0.0,0.0
251,WOW,SA,2020-04-30 08:40:00,Woolworths Group reports Q3 sales A$16.50B vs year-ago A$14.90B,0.0,1.0,0.0,0.0
252,WOW,FCSTEV,2020-04-16 12:40:00,Woolworths Group Ltd.(WOW-AU) Schedules Q3 2020 Sales and Revenue Call for 29-April-2020 8:30 PM ET,0.0,1.0,0.0,0.0
253,WOW,SA,2020-04-15 08:16:00,Woolworths Group sells two shopping centres for A$60M - Sydney Morning Herald,0.0,1.0,0.0,0.0
254,WOW,TWTR,2020-04-14 01:34:00,Twitter - @SeekingAlpha: $WOLWF - Woolworths: A Lofty Valuation Provides A Miniscule Upside Potential. https://t.co/LHVvZWhgXK #investing #trading #stockmarket,0.0,1.0,0.0,0.0
255,WOW,FCSTEV,2020-04-09 09:58:00,Woolworths Group Ltd.(WOW-AU) Schedules Q4 2020 Earnings Release for 27-August-2020,0.0,1.0,0.0,0.0
256,WOW,SA,2020-04-07 09:00:00,Morgan Stanley upgrades COL.AU; downgrades MTS.AU; revises target on WOW.AU,0.0,1.0,0.0,0.0
257,WOW,SA,2020-03-24 09:23:00,Woolworths Group provides COVID-19 business update; unable to forecast net impact on guidance and defers separation of Endeavour Group until calendar 2021,0.0,1.0,0.0,0.0
258,WOW,SA,2020-03-17 02:41:00,"UBS upgrades COL.AU, MTS.AU, WOW.AU",0.0,1.0,0.0,0.0
259,WOW,SA,2020-03-13 09:15:00,"Macquarie upgrades CCL.AU, DMP.AU; downgrades FLT.AU; revises target on HVN.AU, JBH.AU, TWE.AU, others",0.0,1.0,0.0,0.0
260,WOW,SA,2020-02-27 09:44:00,Woolworths Group upgraded to neutral from underperform at Credit Suisse,0.0,0.776,0.224,0.3818
261,WOW,SA,2020-02-27 08:46:00,Woolworths Group upgraded to hold from sell at Shaw and Partners,0.0,1.0,0.0,0.0
262,WOW,TWTR,2020-02-27 02:39:00,Twitter - @BusinessLiveSA: Shoprite zeroes in on Woolworths shoppers https://t.co/HmPC75WMUu,0.0,1.0,0.0,0.0
263,WOW,TWTR,2020-02-26 23:28:00,"Twitter - @SeekingAlpha: $WOLWF - Woolworths Group Limited (WOLWF) CEO Bradford Banducci on Q2 2020 Results - Earnings Call Transcript. 
https://t.co/nazCfCb62n",0.101,0.899,0.0,-0.2263
264,WOW,TWTR,2020-02-26 23:04:00,Twitter - @SeekingAlpha: $WOLWF - Woolworths Group Limited (WOLWF) CEO Bradford Banducci on Q2 2020 Results - Earnings Call Transcript.... https://t.co/xEIBHJrxyF,0.101,0.899,0.0,-0.2263
265,WOW,TWTR,2020-02-26 13:02:00,Twitter - @SeekingAlpha: $WOLWF - Woolworths Group Limited 2020 Q2 - Results - Earnings Call Presentation. https://t.co/KAkgAGJUfV #trading #stocks #markets,0.112,0.888,0.0,-0.2263
266,WOW,SA,2020-02-26 09:32:00,StreetAccount Metrics Recap - Woolworths reports H1 Earnings,0.0,1.0,0.0,0.0
267,WOW,SA,2020-02-26 08:47:00,Woolworths Group reports H1 NPAT from cont ops A$979.0M vs year-ago A$902.0M,0.0,1.0,0.0,0.0
268,WOW,SA,2020-02-25 03:20:00,StreetAccount M&A Summary: Week of 17-Feb,0.0,1.0,0.0,0.0
269,WOW,TWTR,2020-02-20 17:45:00,Twitter - @BDliveSA: Woolworths cuts dividend as profit falls by double digits https://t.co/xjNUpCaUNZ,0.146,0.662,0.192,0.1779
270,WOW,SA,2020-02-19 02:56:00,StreetAccount M&A Summary: Week of 10-Feb,0.0,1.0,0.0,0.0
271,WOW,FCSTEV,2020-02-18 17:18:00,Woolworths Group Ltd.(WOW-AU) Schedules Q2 2020 Earnings Call for 25-February-2020 6:45 PM ET,0.0,1.0,0.0,0.0
272,WOW,SA,2020-02-18 07:19:00,Multiple PE groups are thought to have approached Woolworths about acquiring Endeavor Group - The Australian,0.0,1.0,0.0,0.0
273,WOW,SA,2020-02-14 06:59:00,BGH Capital running the numbers on Woolworth's Endeavor Drinks division - Australian Financial Review,0.0,1.0,0.0,0.0
274,WOW,SA,2020-02-11 08:16:00,Woolworths Group to sell four shopping centres for A$130M - Australian Financial Review,0.0,1.0,0.0,0.0
275,WOW,SA,2020-02-04 16:58:00,Woolworths Group completes Internal restructure scheme and ALH Merger,0.0,1.0,0.0,0.0
276,WOW,TWTR,2020-01-31 01:28:00,Twitter - @BusinessLiveSA: Woolworths: Time to pick up the pieces ,0.0,1.0,0.0,0.0
277,WOW,SA,2020-01-30 14:11:00,Woolworths Group appoints Steve Donohue as CEO-elect of Endeavour Group ahead of 2020 spinoff,0.0,1.0,0.0,0.0
278,WES,FCSTEV,2020-07-14 01:36:00,Wesfarmers Ltd.(WES-AU) Schedules Q4 2020 Earnings Call for 19-August-2020 10:00 PM ET,0.0,1.0,0.0,0.0
279,WES,SA,2020-07-13 07:12:00,"Real estate bankers pitching Wesfarmers to consider options in regards to BWP Trust stake - Australian Financial Review (A$3.83, 0.00)",0.0,0.845,0.155,0.5106
280,WES,SA,2020-07-08 10:27:00,"Macquarie downgrades DMP.AU, JBH.AU, WES.AU (pre-ASX open)",0.0,1.0,0.0,0.0
281,WES,SA,2020-07-03 09:35:00,"Speculation BHP Group survey of Bass Strait assets may foreshadow sale - The Australian (A$36.01, 0.00)",0.0,0.892,0.108,0.1779
282,WES,TWTR,2020-06-16 02:08:00,Twitter - @SeekingAlpha: $WFAFF - Wesfarmers: Bunnings And Officeworks Drive Strong Sales And EBIT In 2H20. https://t.co/OVd3wl3l8v #stockmarket #investing #finance,0.0,0.837,0.163,0.5106
283,WES,SA,2020-06-09 08:28:00,"Wesfarmers provides H2 trading update (A$41.71, 0.00)",0.0,1.0,0.0,0.0
284,WES,SA,2020-05-27 07:13:00,"Speculation Wesfarmers may look to divest 4.9% stake in Coles after it comes out of escrow - Australian Financial Review (A$15.42, 0.00)",0.0,1.0,0.0,0.0
285,WES,TWTR,2020-05-22 15:16:00,Twitter - @ChannelNewsAsia: Australia's Wesfarmers to shut or rebrand over 100 Target stores in virus slump https://t.co/HtwW6KpOH2 https://t.co/aXtci4UWKb,0.0,1.0,0.0,0.0
286,WES,FCSTEV,2020-05-22 10:00:00,Wesfarmers Ltd.(WES-AU) Schedules Business Update Call for 21-May-2020 8:00 PM ET,0.0,1.0,0.0,0.0
287,WES,SA,2020-05-22 08:24:00,"Wesfarmers provides Kmart Group update and details expected FY20 significant items (A$38.88, 0.00)",0.0,0.87,0.13,0.2023
288,WES,SA,2020-05-12 11:22:00,Bunnings propose the closure of 7 New Zealand stores - Stuff,0.0,1.0,0.0,0.0
289,WES,SA,2020-05-12 00:38:00,StreetAccount M&A Summary: Week of 4-May,0.0,1.0,0.0,0.0
290,WES,SA,2020-05-08 07:32:00,"Wesfarmers eyeing takeover targets - Australian Financial Review (A$36.40, 0.00)",0.0,1.0,0.0,0.0
291,WES,FCSTEV,2020-05-07 10:00:00,Wesfarmers Ltd.(WES-AU) Schedules Macquarie Australia Conference for 7-May-2020,0.0,1.0,0.0,0.0
292,WES,SA,2020-04-30 14:04:00,Virgin Australia administrators provide update following first creditors' meeting,0.0,1.0,0.0,0.0
293,WES,SA,2020-04-30 06:30:00,"Macquarie, Brookfield consortium running the numbers on bid for Virgin Australia - Australian Financial Review",0.0,1.0,0.0,0.0
294,WES,SA,2020-04-28 08:48:00,Wesfarmers provides COVID-19 update; Target earnings decreased significantly,0.0,1.0,0.0,0.0
295,WES,SA,2020-04-23 07:54:00,"Macquarie, Wesfarmers believed to be among parties interested in Virgin Australia recapitalization - The Australian",0.0,0.69,0.31,0.6597
296,WES,SA,2020-04-14 08:31:00,Tianqi Lithium seeking to sell at least part of its 50% stake in Talison Lithium - Australian Financial Review,0.0,1.0,0.0,0.0
297,WES,SA,2020-04-07 07:04:00,The Australian speculates Afterpay or Wesfarmers may launch imminent capital raising,0.0,1.0,0.0,0.0
298,WES,SA,2020-04-01 07:59:00,"Wesfarmers more likely to look at acquisitions and investments over returning capital to shareholders - Australian Financial Review (A$34.27, 0.00)",0.0,1.0,0.0,0.0
299,WES,SA,2020-03-31 09:35:00,ACCC wont oppose proposed acquisition of Adelaide Tools and Oaklands Mower Centre by Bunnings Group,0.0,1.0,0.0,0.0
300,WES,SA,2020-03-31 08:24:00,Wesfarmers executes sale of 5.2% of Coles Group for total pre-tax proceeds of A$1.06B,0.0,1.0,0.0,0.0
301,WES,SA,2020-03-30 20:21:00,Brokers buy A$1.1B Coles stake from Wesfarmers at A$15.39/share - Australian Financial Review,0.0,1.0,0.0,0.0
302,WES,SA,2020-03-30 18:35:00,Wesfarmers agrees to sell 5.2% of Coles Group,0.0,0.795,0.205,0.2023
303,WES,SA,2020-03-25 09:32:00,Wesfarmers provides trading update and NZ store closures in response to COVID-19; to pay previously declared dividend,0.08,0.92,0.0,-0.1027
304,WES,SA,2020-03-24 09:42:00,Wesfarmers upgraded to neutral from underperform at Credit Suisse,0.0,0.755,0.245,0.3818
305,WES,SA,2020-03-20 08:56:00,Wesfarmers provides trading update and response to COVID-19,0.0,1.0,0.0,0.0
306,WES,SA,2020-03-05 07:19:00,"Navis Capital will seek to divest only Australian assets of Modern Star, postpones plans to divest Chinese operations - The Australian",0.096,0.826,0.078,-0.1027
307,WES,SA,2020-02-20 10:58:00,Wesfarmers upgraded to outperform from neutral at Macquarie (pre-ASX open),0.0,1.0,0.0,0.0
308,WES,SA,2020-02-20 08:51:00,Wesfarmers upgraded to hold from sell at Shaw and Partners,0.0,1.0,0.0,0.0
309,WES,FCSTEV,2020-02-19 12:02:00,Wesfarmers Ltd.(WES-AU) Schedules Q4 2020 Earnings Release for 20-August-2020,0.0,1.0,0.0,0.0
310,WES,SA,2020-02-19 08:52:00,StreetAccount Metrics Recap - Wesfarmers H1 Earnings,0.0,1.0,0.0,0.0
311,WES,SA,2020-02-19 08:21:00,Wesfarmers reports H1 NPAT from cont ops (post AASB16) A$1.13B vs FactSet A$1.09B -- 2 estimates,0.0,1.0,0.0,0.0
312,WES,SA,2020-02-19 08:16:00,Wesfarmers block trade in Coles completed at A$16.08/sh,0.293,0.707,0.0,-0.4404
313,WES,SA,2020-02-19 07:06:00,"Wesfarmers' block trade in Coles covered at bottom of the range - Australian Financial Review, citing book message",0.153,0.847,0.0,-0.4404
314,WES,SA,2020-02-18 17:09:00,Wesfarmers agrees to sell 4.9% stake in Coles Group,0.0,0.816,0.184,0.2023
315,WES,SA,2020-02-18 16:54:00,Wesfarmers looks to offload A$1B worth of shares in Coles via block trade at A$16.08/share - Australian Financial Review,0.132,0.682,0.186,0.0516
316,WES,SA,2020-02-14 09:52:00,ACCC raises preliminary concerns over Bunnings' proposed acquisition of Adelaide Tools,0.0,1.0,0.0,0.0
317,WES,SA,2020-02-07 09:17:00,The Australian Financial Review speculates Wesfarmers may sell down its Coles holding,0.0,1.0,0.0,0.0
318,WES,SA,2020-02-04 08:34:00,"Morgan Stanley upgrades ANZ.AU, HVN.AU, WES.AU; downgrades WBC.AU",0.0,1.0,0.0,0.0
319,WES,SA,2020-01-31 07:40:00,Exxon Mobil expected to delay sales process for Bass Strait assets until middle of the year - The Australian,0.115,0.8,0.085,-0.1531
320,TLS,SA,2020-07-20 07:51:00,"Charter Hall seen as most likely buyer of Telstra's Melbourne data centres- The Australian (A$3.46, 0.00)",0.0,1.0,0.0,0.0
321,TLS,SA,2020-07-09 12:45:00,Telstra upgraded to buy from hold at HSBC,0.0,1.0,0.0,0.0
322,TLS,SA,2020-07-01 09:41:00,"Telstra data centre sale moves closer to conclusion as second-round bidding closes - Australian Financial Review (A$3.13, 0.00)",0.0,1.0,0.0,0.0
323,TLS,TWTR,2020-06-16 18:14:00,"Twitter - @Telstra_news: As part of the @globalcompactAU Leaders' Summit today, CEO @andy_penn suggested how big business can lead to rebuil... https://t.co/QB0A89fUz0",0.0,1.0,0.0,0.0
324,TLS,SA,2020-06-16 08:18:00,"Telstra left with no bidder for its Project Velocity assets following Uniti Group's offer for Opticomm - Australian Financial Review (A$3.12, 0.00)",0.096,0.83,0.074,-0.128
325,TLS,SA,2020-06-15 07:51:00,"Telstra puts A$300M Pitt Telephone Exchange Building in Sydney up for sale - The Australian (A$3.16, 0.00)",0.0,1.0,0.0,0.0
326,TLS,SA,2020-06-02 17:44:00,"Nordic Semiconductor's cellular IoT SiP is certified by Australian telco giant Telstra for use on LTE-M network (NOK 64.40, +0.70)",0.0,1.0,0.0,0.0
327,TLS,TWTR,2020-06-02 15:40:00,Twitter - @Telstra_news: Unprecedented times offer a real opportunity for reform. CEO @andy_penn identifies five key areas where we have a o... https://t.co/1UG4vLddeN,0.0,0.872,0.128,0.4215
328,TLS,SA,2020-05-13 06:56:00,Telstra seeking sale and leaseback of Melbourne data centre complex -- Australian Financial Review,0.0,1.0,0.0,0.0
329,TLS,SA,2020-05-08 08:54:00,Telstra expect to recognise non-cash impairment charge of ~(A$300M) on Foxtel investment in FY20 results,0.0,1.0,0.0,0.0
330,TLS,SA,2020-04-02 14:25:00,ACCC pauses two inquiries into NBN sector,0.0,1.0,0.0,0.0
331,TLS,SA,2020-04-01 09:06:00,ACCC grants interim authorization allowing NBN Co and five retail service providers to coordinate on demand surge,0.082,0.815,0.103,0.1027
332,TLS,TWTR,2020-03-20 10:12:00,"Twitter - @Telstra_news: Telstra puts job reductions on hold, brings forward 5G investment and provides FY20 outlook update $TLS https://t.co/oiBJZztLue",0.0,1.0,0.0,0.0
333,TLS,SA,2020-03-20 10:05:00,"Telstra puts job reductions on hold, brings forward 5G investment and provides FY20 outlook update",0.0,1.0,0.0,0.0
334,TLS,FCSTEV,2020-03-11 13:54:00,Telstra Corp. Ltd.(TLS-AU) Schedules Deutsche Bank Depositary Receipts Virtual Investor Conference for 19-March-2020 10:30 AM ET,0.0,1.0,0.0,0.0
335,TLS,SA,2020-03-05 09:09:00,ACCC will not appeal Federal Court's decision to allow TPG-Vodafone merger,0.0,0.84,0.16,0.2263
336,TLS,SA,2020-03-04 09:20:00,Telstra upgraded to buy from neutral at New Street Research,0.0,1.0,0.0,0.0
337,TLS,SA,2020-02-26 10:08:00,ACCC seeking feedback on any competition issues associated with upcoming spectrum allocation,0.0,1.0,0.0,0.0
338,TLS,SA,2020-02-24 19:51:00,Amazon getting involved in Aussie rules - Sydney Morning Herald,0.0,0.825,0.175,0.1779
339,TLS,SA,2020-02-14 12:04:00,Street Takeaways - Telstra H1 earnings and TPG-Vodafone court ruling,0.0,1.0,0.0,0.0
340,TLS,SA,2020-02-13 11:18:00,ACCC notes the Federal Court declared a proposed merger between TPG Telecom and Vodafone Hutchison Australia would not substantially lessen competition; ACCC is carefully considering the judgment,0.0,0.943,0.057,0.128
341,TLS,SA,2020-02-13 10:39:00,"""#Breaking: TPG, Vodafone to merge as Federal Court overrules ACCC. "" - Tweet by @FinancialReview",0.0,1.0,0.0,0.0
342,TLS,TWTR,2020-02-13 09:16:00,Twitter - @Telstra_news: Our half-year financial results are in line with guidance. Our FY20 guidance has been reconfirmed $TLS https://t.co/WQMmBfBiwq,0.0,1.0,0.0,0.0
343,TLS,TWTR,2020-02-13 09:16:00,Twitter - @Telstra_news: We will pay a fully-franked interim dividend of 8 cents per share for 1H20 that consists of an ordinary dividend of... https://t.co/tF4TGtEyLQ,0.059,0.847,0.093,0.2023
344,TLS,TWTR,2020-02-13 09:16:00,Twitter - @Telstra_news: We announced our half-year financial results for 2020 today. Here's what you need to know $TLS https://t.co/IMOKlHYbab,0.0,1.0,0.0,0.0
345,TLS,TWTR,2020-02-13 09:04:00,Twitter - @Telstra_news: Listen live: Our CEO @Andy_Penn and CFO Vicki Brady are about to share our half-year financial results for 2020 $TLS https://t.co/6N1jrArwPX,0.0,0.909,0.091,0.296
346,TLS,SA,2020-02-13 08:07:00,Follow-up: Telstra repeats FY guidance,0.0,1.0,0.0,0.0
347,TLS,SA,2020-02-13 08:04:00,StreetAccount Metrics Recap - Telstra H1 earnings,0.0,1.0,0.0,0.0
348,TLS,SA,2020-02-13 08:02:00,Telstra reports H1 underlying EBITDA (guidance basis) A$3.88B vs FactSet A$4.14B,0.0,1.0,0.0,0.0
349,TLS,SA,2020-02-12 20:34:00,Telstra interim results may be in public domain,0.0,1.0,0.0,0.0
350,TLS,TWTR,2020-02-12 17:07:00,Twitter - @Telstra_news: Our half-year financial results for 2020 will be announced tomorrow morning. Listen live from 9.15am AEDT as... https://t.co/h9f44k50Nu,0.0,1.0,0.0,0.0
351,TLS,SA,2020-02-06 16:19:00,Telstra estimates impact on company of bushfires of A$50M - The Australian,0.0,1.0,0.0,0.0
352,TLS,SA,2020-01-31 09:32:00,Telstra to exit supplier payday lending scheme - The Australian,0.0,1.0,0.0,0.0
353,AMC,TWTR,2020-07-14 04:32:00,"Twitter - @SeekingAlpha: $AMCR - Amcor: Relatively Strong Dividend, But The Stock Is Slightly Expensive. https://t.co/6FyaSH7BXS #trading #business #economy",0.0,0.882,0.118,0.2846
354,AMC,SA,2020-07-08 22:00:00,"Amcor initiated neutral at BofA ($10.62, 0.00)",0.0,1.0,0.0,0.0
355,AMC,SA,2020-06-11 08:58:00,"Amcor downgraded to neutral from outperform at Credit Suisse (A$14.42, 0.00)",0.0,0.794,0.206,0.3818
356,AMC,SA,2020-06-01 18:01:00,"Atlantic Equities initiates AMCR, AVY, BERY, others",0.0,1.0,0.0,0.0
357,AMC,TWTR,2020-05-13 03:53:00,Twitter - @SeekingAlpha: $AMCR - Amcor plc 2020 Q3 - Results - Earnings Call Presentation. https://t.co/1tLBV0eJjn #trading #markets #investing,0.0,1.0,0.0,0.0
358,AMC,TWTR,2020-05-12 14:34:00,Twitter - @SeekingAlpha: $AMCR - Amcor Plc (AMCR) CEO Ron Delia on Q3 2020 Results - Earnings Call Transcript. https://t.co/1aggTw5sPC #trading #markets #stockmarket,0.0,1.0,0.0,0.0
359,AMC,SA,2020-05-12 07:40:00,StreetAccount Metrics Recap - Amcor 9M earnings,0.0,1.0,0.0,0.0
360,AMC,SA,2020-05-12 06:39:00,Amcor reports 9M non-GAAP net income $719M vs year-ago $649M,0.0,1.0,0.0,0.0
361,AMC,FCSTEV,2020-04-30 04:34:00,Amcor Plc(AMCR-US) Schedules Q3 2020 Earnings Call for 11-May-2020 6:00 PM ET,0.0,1.0,0.0,0.0
362,AMC,FCSTEV,2020-04-30 04:34:00,Amcor Plc(AMCR-US) Schedules Q3 2020 Earnings Release for 11-May-2020 4:15 PM ET,0.0,1.0,0.0,0.0
363,AMC,TWTR,2020-04-14 00:25:00,Twitter - @SeekingAlpha: $AMCR - Amcor Offers A Safe And Growing Dividend Yield Of 5.75%. https://t.co/jYZnZdD1UR #economy #investing #markets,0.0,0.753,0.247,0.5574
364,AMC,SA,2020-04-02 10:23:00,Amcor initiated overweight at JPMorgan,0.385,0.615,0.0,-0.3612
365,AMC,FCSTEV,2020-03-30 11:00:00,Amcor Plc(AMCR-US) Schedules JPMorgan Virtual Conference for 29-March-2020 6:00 PM ET,0.0,1.0,0.0,0.0
366,AMC,SA,2020-03-23 22:42:00,Amcor upgraded to buy from underperform at Jefferies,0.0,1.0,0.0,0.0
367,AMC,SA,2020-03-19 21:51:00,Amcor initiated buy at Deutsche Bank,0.0,1.0,0.0,0.0
368,AMC,SA,2020-03-13 22:11:00,BMO Capital Markets initiates AMCR; upgrades UFS,0.0,1.0,0.0,0.0
369,AMC,TWTR,2020-03-11 08:05:00,Twitter - @SeekingAlpha: $AMCR - What Investors Are Missing With The Amcor And Bemis $6.8bn Merger And Why Significant Downside Risks Exists... https://t.co/oFEqUlXPm7,0.251,0.677,0.072,-0.5423
370,AMC,SA,2020-03-11 03:09:00,Spruce Point sees 40-60% downside risk to Amcor,0.406,0.594,0.0,-0.4767
371,AMC,TWTR,2020-03-05 02:42:00,Twitter - @SeekingAlpha: $AMCR - Amcor Is Packaged Quite Nicely. https://t.co/iHul6NzjDa #stockmarket #investing #finance,0.0,0.775,0.225,0.4927
372,AMC,SA,2020-03-03 12:35:00,Amcor upgraded to outperform from neutral at Credit Suisse (pre-ASX open),0.0,0.794,0.206,0.3818
373,AMC,SA,2020-02-13 09:42:00,Amcor downgraded to neutral from outperform at Credit Suisse,0.0,0.755,0.245,0.3818
374,AMC,SA,2020-02-13 08:29:00,Amcor upgraded to add from hold at Morgans,0.0,1.0,0.0,0.0
375,AMC,TWTR,2020-02-12 22:44:00,Twitter - @SeekingAlpha: $AMCR - Amcor plc 2020 Q2 - Results - Earnings Call Presentation. https://t.co/GV6UYe751L #stocks #finance #trading,0.0,1.0,0.0,0.0
376,AMC,TWTR,2020-02-12 14:00:00,Twitter - @SeekingAlpha: $AMCR - Amcor plc (AMCR) CEO Ron Delia on Q2 2020 Results - Earnings Call Transcript. https://t.co/0rKntRqjEH #business #markets #finance,0.0,1.0,0.0,0.0
377,AMC,SA,2020-02-12 08:53:00,StreetAccount Metrics Recap - Amcor H1 earnings,0.0,1.0,0.0,0.0
378,AMC,SA,2020-02-12 08:23:00,Amcor reports H1 adjusted net income $473M vs FactSet $472.5M -- 2 estimates,0.0,1.0,0.0,0.0
379,BXB,TWTR,2020-04-30 22:00:00,Twitter - @SeekingAlpha: $BMBLF - Brambles Is A Defensive Business Growing Amidst COVID-19 Trading At A Discount. https://t.co/E5PU0S1PeH... https://t.co/RbcagCKL1f,0.0,0.823,0.177,0.2023
380,BXB,SA,2020-04-17 08:35:00,"Brambles Q3 sales revenue cont ops $1.13B, +6% y/y constant currency",0.0,1.0,0.0,0.0
381,BXB,FCSTEV,2020-04-07 21:16:00,Brambles Ltd.(BXB-AU) Schedules Q3 2020 Sales and Revenue Release - Trading Update for 16-April-2020 6:23 PM ET,0.0,1.0,0.0,0.0
382,BXB,SA,2020-04-02 09:40:00,Brambles upgraded to outperform from neutral at Macquarie,0.0,1.0,0.0,0.0
383,BXB,SA,2020-04-01 11:08:00,Brambles upgraded to outperform from underperform at Credit Suisse (pre-ASX open),0.0,0.794,0.206,0.3818
384,BXB,SA,2020-04-01 09:32:00,Goldman Sachs upgrades AZJ.AU; adds BXB.AU to regional Conviction Buy list,0.0,1.0,0.0,0.0
385,BXB,SA,2020-03-31 09:33:00,Brambles upgraded to overweight from equal-weight at Morgan Stanley,0.238,0.762,0.0,-0.3612
386,BXB,SA,2020-02-18 15:14:00,Street Takeaways - Brambles H1 earnings,0.0,1.0,0.0,0.0
387,BXB,SA,2020-02-18 09:44:00,Brambles downgraded to underperform from neutral at Credit Suisse,0.0,0.755,0.245,0.3818
388,BXB,SA,2020-02-17 09:03:00,StreetAccount Metrics Recap - Brambles H1 Earnings,0.0,1.0,0.0,0.0
389,BXB,SA,2020-02-17 08:30:00,Follow-up: Brambles guides FY20 mid-single digit growth in sales revenue and underlying profit,0.0,0.667,0.333,0.6705
390,BXB,SA,2020-02-17 08:29:00,Brambles reports H1 NPAT cont ops $278.9M vs year-ago $268.4M,0.0,1.0,0.0,0.0
391,BXB,FCSTEV,2020-02-10 23:52:00,Brambles Ltd.(BXB-AU) Schedules Q2 2020 Earnings Call for 16-February-2020 6:00 PM ET,0.0,1.0,0.0,0.0
392,FPH,SIGD,2020-06-29 07:30:00,Fisher & Paykel Hlth Reports NPAT Up 37.33% to $287.3m for the Year to 31 March 2020,0.0,1.0,0.0,0.0
393,FPH,SA,2020-06-29 06:48:00,"Fisher & Paykel Healthcare reports FY NPAT NZ$287.3M vs FactSet NZ$278.4M (NZ$32.00, 0.00)",0.0,1.0,0.0,0.0
394,FPH,SA,2020-06-17 09:38:00,"Fisher & Paykel Healthcare upgraded to outperform from neutral at Macquarie (NZ$28.43, +0.32)",0.0,1.0,0.0,0.0
395,FPH,SA,2020-06-10 23:22:00,"CMS to convene MEDCAC panel on 22-Jul related to CPAPs, BPAPs and HMVs",0.0,1.0,0.0,0.0
396,FPH,FCSTEV,2020-06-09 08:52:00,Fisher & Paykel Healthcare Corp. Ltd.(FPH-NZ) Schedules Annual General Meeting for 20-August-2020 10:00 PM ET,0.0,1.0,0.0,0.0
397,FPH,FCSTEV,2020-06-03 11:16:00,Fisher & Paykel Healthcare Corp. Ltd.(FPH-NZ) Schedules Q4 2020 Earnings Call for 28-June-2020 6:00 PM ET,0.0,1.0,0.0,0.0
398,FPH,SA,2020-03-23 14:58:00,Fisher & Paykel Healthcare advises that it has been designated an essential service,0.0,1.0,0.0,0.0
399,FPH,SA,2020-03-18 09:29:00,Fisher & Paykel Healthcare upgraded to buy from sell at Goldman Sachs,0.0,1.0,0.0,0.0
400,FPH,SIGD,2020-03-17 07:39:00,Fisher & Paykel Healthcare Provides FY 2020 Trading Update,0.0,1.0,0.0,0.0
401,FPH,SA,2020-03-17 06:37:00,Fisher & Paykel Healthcare guides FY revenue NZ$1.24B vs prior NZ$1.2B,0.0,1.0,0.0,0.0
402,FPH,FCSTEV,2020-03-17 06:30:00,Fisher & Paykel Healthcare Corp. Ltd.(FPH-NZ) Schedules Q4 2020 Sales and Revenue Release - Trading Update for 16-March-2020 3:30 PM ET,0.0,1.0,0.0,0.0
403,FPH,SIGD,2020-02-21 07:32:00,Fisher & Paykel Healthcare Corporation Updates Revenue and Earnings Guidance for Financial Year Ended 31 March 2020,0.0,1.0,0.0,0.0
404,FPH,SA,2020-02-21 07:07:00,Fisher & Paykel Healthcare guides FY net profit after tax NZ$260M-270M vs prior guidance NZ$255M-265M and FactSet NZ$265.1M,0.0,0.847,0.153,0.4404
